nome,partido_2026,cargo_2026,uf_2026,id_camara,PEC 6x1,Igualdade Salarial,Misoginia (urgência),PL do Veneno,PL da Devastação
Antônia Lúcia,MDB,Deputada Federal,AC,123756,Sim,Não votou,Não votou,Não votou,Sim
Mara Rocha,REPUBLICANOS,Senadora,AC,204471,—,—,—,Sim,—
Perpétua Almeida,PCDOB,Deputada Federal,AC,73943,—,—,—,Não,—
Socorro Neri,PP,Deputada Federal,AC,104552,Sim,Sim,Sim,—,Não votou
Vanda Milani,REPUBLICANOS,Deputada Federal,AC,204434,—,—,—,Sim,—
Tereza Nelma,MDB,Deputada Federal,AL,204466,—,—,—,Não,—
Aline Gurgel,UNIÃO,Deputada Federal,AP,204353,Sim,Não votou,Sim,Não votou,Não votou
Leda Sadala,PSD,Deputada Federal,AP,204375,—,—,—,Sim,—
Professora Goreth,PODE,Deputada Federal,AP,220580,Não votou,Sim,Não votou,—,Não votou
Professora Marcivânia,PCDOB,Deputada Federal,AP,160641,Sim,Não votou,Sim,Não,Não votou
Alice Portugal,PCDOB,Deputada Federal,BA,74057,Sim,Sim,Sim,Não,Não
Ivoneide Caetano,PT,Deputada Federal,BA,220696,Sim,Sim,Sim,—,Não
Lidice da Mata,PSB,Deputada Federal,BA,139285,Sim,Sim,Sim,Não,Não
Professora Dayane Pimentel,UNIÃO,Deputada Federal,BA,204565,—,—,—,Sim,—
Roberta Roma,PL,Deputada Federal,BA,220693,Sim,Sim,Não votou,—,Não votou
Rogeria Santos,REPUBLICANOS,Deputada Federal,BA,220695,Sim,Sim,Não,—,Sim
Dayany do Capitão,UNIÃO,Deputada Federal,CE,220659,Não votou,Sim,Não votou,—,Sim
Fernanda Pessoa,PSD,Deputada Federal,CE,220656,Sim,Sim,Sim,—,Sim
Luizianne,REDE,Senadora,CE,178866,Sim,Sim,Sim,Não,Não
Bia Kicis,PL,Senadora,DF,204374,Sim,Não,Não,Sim,Sim
Celina Leão,PP,Governadora,DF,204380,—,—,—,Sim,—
Erika Kokay,PT,Senadora,DF,160575,Sim,Sim,Sim,Não,Não
Paula Belmonte,PSDB,Governadora,DF,204377,—,—,—,Sim,—
Jack Rocha,PT,Deputada Federal,ES,220527,Sim,Sim,Sim,—,Não
Delegada Adriana Accorsi,PT,Deputada Federal,GO,220565,Sim,Sim,Sim,—,Não votou
Flávia Morais,MDB,Deputada Federal,GO,160598,Sim,Sim,Sim,Não votou,Não votou
Lêda Borges,REPUBLICANOS,Deputada Federal,GO,220566,Sim,Sim,Não votou,—,Não votou
Magda Mofatto,PL,Deputada Federal,GO,166402,Sim,Sim,Não,Sim,Sim
Marussa Boldrin,REPUBLICANOS,Deputada Federal,GO,220572,Sim,Sim,Não votou,—,Sim
Silvye Alves,UNIÃO,Deputada Federal,GO,220569,Sim,Não votou,Sim,—,Sim
Amanda Gentil,PP,Deputada Federal,MA,220707,Sim,Sim,Sim,—,Sim
Detinha,PL,Deputada Estadual,MA,220689,Não votou,Sim,Não,—,Sim
Alê Silva,PL,Deputada Estadual,MG,204545,—,—,—,Sim,—
Ana Paula Leão,PP,Deputada Federal,MG,107970,Sim,Não votou,Não votou,—,Sim
Ana Pimentel,PT,Deputada Federal,MG,220632,Sim,Sim,Sim,—,Não votou
Áurea Carolina,PSOL,Senadora,MG,204509,—,—,—,Não,—
Célia Xakriabá,PSOL,Deputada Federal,MG,206018,Sim,Sim,Sim,—,Não votou
Dandara,PT,Deputada Federal,MG,220629,Sim,Sim,Não votou,—,Não
Delegada Ione,PL,Deputada Federal,MG,220625,Sim,Sim,Sim,—,Não
Duda Salabert,PSOL,Deputada Federal,MG,220623,Sim,Sim,Sim,—,Não
Greyce Elias,PL,Deputada Federal,MG,198197,Sim,Não votou,Não,Sim,Sim
Nely Aquino,PODE,Deputada Federal,MG,220622,Sim,Sim,Sim,—,Não votou
Rosangela Reis,PL,Deputada Federal,MG,220620,Sim,Sim,Não votou,—,Sim
Bia Cavassa,PSDB,Deputada Federal,MS,207176,—,—,—,Sim,—
Camila Jara,PT,Deputada Federal,MS,220548,Sim,Sim,Sim,—,Não
Rose Modesto,UNIÃO,Deputada Federal,MS,204357,—,—,—,Não,—
Coronel Fernanda,PL,Deputada Federal,MT,220595,Sim,Sim,Não,—,Sim
Professora Rosa Neide,PT,Deputada Federal,MT,204467,—,—,—,Não,—
Andréia Siqueira,PSB,Deputada Federal,PA,220676,Sim,Sim,Não votou,—,Sim
Dilvanda Faro,PT,Deputada Federal,PA,220671,Sim,Sim,Sim,—,Não
Dra. Alessandra Haber,PODE,Deputada Federal,PA,220674,Sim,Não votou,Sim,—,Não votou
Elcione Barbalho,MDB,Deputada Estadual,PA,74075,Sim,Não votou,Sim,Não,Não votou
Renilce Nicodemos,MDB,Deputada Federal,PA,153423,Sim,Sim,Sim,—,Não votou
Vivi Reis,PSOL,Deputada Federal,PA,215044,—,—,—,Não,—
Clarissa Tércio,PP,Deputada Federal,PE,220665,Sim,Sim,Não,—,Sim
Iza Arruda,MDB,Deputada Federal,PE,220670,Sim,Sim,Sim,—,Não votou
Maria Arraes,PSB,Deputada Estadual,PE,220668,Sim,Sim,Sim,—,Não
Marília Arraes,PDT,Senadora,PE,204428,—,—,—,Não,—
Aline Sleutjes,PL,Deputada Federal,PR,204400,—,—,—,Sim,—
Carol Dartora,PT,Deputada Federal,PR,220704,Sim,Sim,Sim,—,Não
Gleisi,PT,Senadora,PR,107283,Sim,Não votou,Sim,Não votou,Não votou
Leandre,PSD,Deputada Federal,PR,178832,Sim,Não votou,Sim,Não votou,Não votou
Lenir de Assis,PT,Deputada Estadual,PR,231911,Não votou,Não votou,Não votou,—,Não
Luisa Canziani,UNIÃO,Deputada Federal,PR,204410,Sim,Não votou,Não votou,Sim,Não votou
Rosangela Moro,PL,Deputada Federal,PR,220644,Não,Não,Não,—,Sim
Benedita da Silva,PT,Senadora,RJ,73701,Sim,Sim,Sim,Não votou,Não
Chris Tonietto,PL,Deputada Federal,RJ,204462,Sim,Não,Não,Sim,Sim
Dani Cunha,PL,Deputada Federal,RJ,220603,Sim,Não,Não,—,Sim
Daniela do Waguinho,REPUBLICANOS,Deputada Federal,RJ,204459,Sim,Não votou,Sim,Sim,Não votou
Enfermeira Rejane,PCDOB,Deputada Federal,RJ,230765,Sim,Não votou,Sim,—,Não
Heloísa Helena,REDE,Deputada Federal,RJ,234788,Sim,Não votou,Não votou,—,Não votou
Jandira Feghali,PCDOB,Deputada Federal,RJ,74848,Sim,Sim,Sim,Não,Não
Laura Carneiro,PSD,Deputada Federal,RJ,74856,Sim,Sim,Sim,Não votou,Não votou
Major Fabiana,AVANTE,Deputada Federal,RJ,204458,—,—,—,Sim,—
Rosangela Gomes,REPUBLICANOS,Deputada Federal,RJ,178945,Sim,Não votou,Não,Sim,Não votou
Soraya Santos,PL,Deputada Federal,RJ,178946,Sim,Sim,Não votou,Não votou,Sim
Talíria Petrone,PSOL,Deputada Federal,RJ,204464,Sim,Não votou,Sim,Não votou,Não
Carla Dickson,PL,Deputada Federal,RN,213762,Sim,Não votou,Não,Sim,Sim
Natália Bonavides,PT,Deputada Federal,RN,204453,Sim,Não votou,Sim,Não,Não
Cristiane Lopes,PODE,Deputada Federal,RO,220608,Sim,Não votou,Sim,—,Sim
Jaqueline Cassol,PSD,Deputada Federal,RO,108338,—,—,—,Sim,—
Mariana Carvalho,REPUBLICANOS,Senadora,RO,178956,—,—,—,Sim,—
Sílvia Cristina,PP,Senadora,RO,204360,Sim,Sim,Não votou,Não,Não votou
Helena da Asatur,PSD,Senadora,RR,220537,Sim,Não votou,Sim,—,Não votou
Joenia Wapichana,PT,Deputada Federal,RR,204468,—,—,—,Não,—
Any Ortiz,PP,Deputada Federal,RS,220549,Sim,Não,Não,—,Sim
Daiana Santos,PCDOB,Deputada Federal,RS,220555,Sim,Sim,Sim,—,Não votou
Denise Pessôa,PT,Deputada Federal,RS,220553,Sim,Sim,Sim,—,Não
Fernanda Melchionna,PSOL,Deputada Federal,RS,204407,Sim,Sim,Sim,Não,Não
Fran Bayer,REPUBLICANOS,Deputada Federal,RS,220551,Sim,Sim,Não,—,Sim
Maria do Rosario,PT,Deputada Federal,RS,74398,Sim,Sim,Sim,Não,Não
Reginete Bispo,PT,Deputada Federal,RS,221378,Não votou,Sim,Não votou,—,Não votou
Ana Paula Lima,PT,Deputada Federal,SC,220556,Sim,Sim,Sim,—,Não votou
Angela Amin,PP,Deputada Federal,SC,73696,—,—,—,Sim,—
Carol de Toni,PL,Senadora,SC,204369,Não,Não,Não,Sim,Sim
Daniela Reinehr,PL,Deputada Federal,SC,220557,Não,Sim,Não,—,Não votou
Geovania de Sá,REPUBLICANOS,Deputada Federal,SC,178966,Não votou,Sim,Não,Sim,Sim
Julia Zanatta,PL,Deputada Federal,SC,220559,Não,Não,Não,—,Não votou
Delegada Katarina,PSD,Deputada Federal,SE,220561,Sim,Sim,Sim,—,Sim
Yandra Moura,UNIÃO,Deputada Federal,SE,220564,Não votou,Sim,Sim,—,Não votou
Adriana Ventura,NOVO,Deputada Federal,SP,204528,Não,Não,Não,Sim,Sim
Bruna Furlan,REPUBLICANOS,Deputada Estadual,SP,160589,—,—,—,Não,—
Ely Santos,REPUBLICANOS,Deputada Estadual,SP,218086,Não votou,Não votou,Não votou,Sim,Sim
Erika Hilton,PSOL,Deputada Federal,SP,220645,Sim,Não votou,Sim,—,Não
Juliana Cardoso,PT,Deputada Federal,SP,220640,Sim,Sim,Sim,—,Não
Luiza Erundina,PSOL,Deputada Estadual,SP,74784,Sim,Não votou,Sim,Não,Não votou
Maria Rosas,REPUBLICANOS,Deputada Federal,SP,204540,Sim,Sim,Não,Não votou,Sim
Marina Silva,REDE,Senadora,SP,220637,Sim,Não votou,Sim,—,Não votou
Policial Katia Sastre,PL,Deputada Federal,SP,204529,—,—,—,Sim,—
Professora Luciene Cavalcante,PSOL,Deputada Federal,SP,221338,Sim,Sim,Sim,—,Não
Renata Abreu,PODE,Deputada Federal,SP,178989,Sim,Não votou,Não votou,Não,Não votou
Rosana Valle,PL,Deputada Federal,SP,204525,Sim,Sim,Não,Não,Sim
Sâmia Bomfim,PSOL,Deputada Federal,SP,204535,Sim,Sim,Sim,Não,Não
Sônia Guajajara,PSOL,Deputada Federal,SP,220643,Sim,Não votou,Sim,—,Não votou
Tabata Amaral,PSB,Deputada Federal,SP,204534,Sim,Sim,Sim,Não,Não
Dulce Miranda,UNIÃO,Deputada Estadual,TO,178994,—,—,—,Sim,—
Professora Dorinha,UNIÃO,Governadora,TO,160639,—,—,—,Sim,—
